Data,Ativo Total,Ativo Circulante,Caixa e Equivalentes de Caixa,Aplicações Financeiras,Contas a Receber,Estoques,Ativos Biológicos,Tributos a Recuperar,Despesas Antecipadas,Outros Ativos Circulantes,Ativo Realizável a Longo Prazo,Aplicações Financeiras Avaliadas a Valor Justo,Aplicações Financeiras Avaliadas ao Custo Amortizado,Contas a Receber,Estoques,Ativos Biológicos,Tributos Diferidos,Despesas Antecipadas,Créditos com Partes Relacionadas,Outros Ativos Não Circulantes,Investimentos,Imobilizado,Intangível,Diferido,Passivo Total,Passivo Circulante,Obrigações Sociais e Trabalhistas,Fornecedores,Obrigações Fiscais,Empréstimos e Financiamentos,Passivos com Partes Relacionadas,Dividendos e JCP a Pagar,Outros,Provisões,Passivos sobre Ativos Não-Correntes a Venda e Descontinuados,Passivo Não Circulante,Empréstimos e Financiamentos,Passivos com Partes Relacionadas,Outros,Tributos Diferidos,Adiantamento para Futuro Aumento Capital,Provisões,Passivos sobre Ativos Não-Correntes a Venda e Descontinuados,Lucros e Receitas a Apropriar,Participação dos Acionistas Não Controladores,Patrimônio Líquido,Capital Social Realizado,Reservas de Capital,Reservas de Reavaliação,Reservas de Lucros,Lucros/Prejuízos Acumulados,Ajustes de Avaliação Patrimonial,Ajustes Acumulados de Conversão,Outros Resultados Abrangentes,Adiantamento para Futuro Aumento Capital,Receita Bruta de Vendas e/ou Serviços,Deduções da Receita Bruta,Receita Líquida de Vendas e/ou Serviços,Custo de Bens e/ou Serviços Vendidos,Resultado Bruto,Despesas Com Vendas,Despesas Gerais e Administrativas,Perdas pela Não Recuperabilidade de Ativos ,Outras Receitas Operacionais,Outras Despesas Operacionais,Resultado da Equivalência Patrimonial,Financeiras,Receitas Financeiras,Despesas Financeiras,Resultado Não Operacional,Receitas,Despesas,Resultado Antes Tributação/Participações,Provisão para IR e Contribuição Social,IR Diferido,Participações/Contribuições Estatutárias,Reversão dos Juros sobre Capital Próprio,Part. de Acionistas Não Controladores,Lucro/Prejuízo do Período
31/12/2011,241.783.112,42.095.215,7.457.928,0,16.304.723,10.351.085,0,4.317.178,0,3.664.302,10.913.071,0,0,399.298,0,0,3.691.552,505.571,904.037,5.412.613,10.917.110,158.105.387,19.752.321,0,241.783.112,22.225.074,2.527.258,9.156.706,2.037.589,3.871.650,32.098,2.207.101,0,2.392.672,0,72.867.668,42.752.774,229.632,0,10.772.547,0,19.112.718,0,0,3.214.969,143.475.407,74.999.996,1.085.105,0,68.187.447,0,219.556,-1.016.711,0,0,,,27.137.683,-11.135.033,16.002.650,-176.117,-1.429.092,0,-128.979,-2.656.985,-178.791,-1.150.451,552.001,-1.702.452,,,,10.282.238,4.843.030,-358.537,,,185.203,8.354.445
31/03/2012,242.568.102,40.794.046,9.010.806,0,14.324.738,10.155.595,0,3.622.274,0,3.680.634,10.909.032,0,0,382.697,0,0,3.917.462,454.052,932.775,5.222.046,15.816.422,157.088.924,17.959.670,0,242.568.102,19.872.121,1.380.149,8.493.405,1.132.588,4.329.547,36.208,2.207.101,0,2.293.122,0,70.547.087,41.189.224,143.184,0,10.453.979,0,18.760.700,0,0,3.036.423,149.112.463,74.999.996,1.030.532,0,68.187.455,6.720.400,233.045,-2.058.977,0,0,,,19.591.174,-10.049.383,9.541.791,-91.01,-843.393,0,0,-1.717.875,437.02,221.389,1.480.155,-1.258.766,,,,7.547.922,-1.435.730,505.137,,,103.071,6.720.400
30/06/2012,253.501.358,41.205.527,8.117.669,0,14.670.204,10.501.884,0,4.309.765,0,3.606.004,10.959.811,0,0,456.825,0,0,3.774.883,702.411,851.291,5.174.401,16.037.262,167.217.185,18.081.571,0,253.501.358,18.403.797,1.976.060,8.908.928,841.596,3.998.433,38.061,0,2.315.170,325.55,0,74.481.549,46.609.764,157.993,9.216.462,8.072.259,0,10.425.076,0,0,3.115.110,157.500.896,74.999.996,-458.169,0,70.266.479,8.760.166,-1.089.328,5.021.746,0,0,,,23.404.892,-11.670.292,11.734.599,-255.119,-951.606,0,0,-2.699.562,309.6,-5.144.383,421.32,-5.565.703,,,,2.993.529,-99.724,2.286.460,,,133.401,5.313.666
30/09/2012,272.265.085,50.607.919,16.105.087,1.387.283,14.020.866,10.434.050,0,3.627.827,0,5.032.808,12.040.271,0,0,362.018,0,0,5.013.850,349.224,1.101.755,5.213.424,16.601.314,174.360.150,18.655.437,0,272.265.085,20.958.267,2.151.717,9.227.404,2.438.910,4.134.848,400.04,0,2.173.202,353.912,78.235,84.719.346,54.487.994,164.679,10.177.302,8.215.300,0,11.674.063,0,0,3.079.985,163.507.481,74.999.996,-454.391,0,70.266.479,12.088.250,-1.056.190,7.663.344,0,0,,,21.759.664,-12.364.942,9.394.723,-95.977,-956.865,0,0,-2.902.199,313.869,-1.844.736,320.23,-2.164.966,,,,3.908.815,-2.184.592,1.438.024,,,165.836,3.328.083
31/12/2012,266.921.640,46.039.618,11.917.718,0,14.670.865,10.319.973,0,4.619.901,0,4.511.161,15.560.930,0,0,501.726,0,0,8.134.034,0,832.571,6.092.599,13.044.460,173.454.623,18.822.027,0,266.921.640,25.668.299,3.024.651,9.255.150,1.974.208,7.092.878,423.336,0,0,3.571.524,326.551,85.620.146,54.762.975,146.44,0,7.753.893,0,22.956.833,0,0,3.245.026,152.388.196,74.999.996,-789.637,0,70.611.673,0,-1.126.628,8.692.782,0,0,,,28.755.753,-17.912.766,10.842.982,-121.043,-1.066.208,-12.213.468,0,-3.844.171,180.1,-1.637.377,397.64,-2.035.017,,,,-7.859.182,3.720.046,-4.229.621,,,98.454,-5.628.453
31/03/2013,268.785.156,46.178.554,12.197.112,0,13.152.254,10.884.789,0,4.660.873,0,5.283.522,16.043.283,0,0,519.173,0,0,8.578.269,0,819.381,6.126.460,12.922.619,174.850.851,18.789.841,0,268.785.156,22.992.972,1.718.216,8.265.281,2.087.411,6.559.690,392.309,0,0,3.613.498,356.567,89.274.278,53.874.446,115.743,0,7.074.106,0,28.209.986,0,0,3.096.317,153.421.575,74.999.996,-789.637,0,70.611.673,6.349.189,-4.235.026,6.485.370,0,0,,,21.800.964,-11.438.127,10.362.838,-77.031,-669.339,0,0,-1.339.101,341.539,-666.003,1.278.063,-1.944.066,,,,7.952.903,-2.196.291,329.941,,,114.078,6.200.631
30/06/2013,282.120.946,46.937.424,13.126.350,0,12.885.694,11.192.221,0,5.188.085,0,4.545.073,21.125.700,0,0,543.861,0,0,9.468.064,0,558.749,10.555.026,8.416.677,186.262.569,19.378.604,0,282.120.946,24.768.127,2.182.004,9.238.012,1.467.285,7.136.323,260.242,0,0,4.484.263,0,97.471.799,59.043.566,147.705,0,7.167.256,0,31.113.275,0,0,3.218.530,156.662.506,74.999.996,-789.637,0,70.611.673,2.728.506,-5.034.563,14.146.537,0,0,,,22.871.304,-12.865.323,10.005.982,-54.498,-616.656,0,0,-1.825.470,104.406,-7.003.406,1.776.133,-8.779.539,,,,610.358,-559.187,712.604,,,68.296,832.071
30/09/2013,292.741.349,55.177.933,15.878.774,0,13.898.533,10.171.282,0,4.617.143,0,10.612.199,23.145.593,0,0,599.09,0,0,10.463.103,0,538.809,11.544.591,8.835.314,189.677.339,15.905.149,0,292.741.349,26.674.020,2.669.837,8.896.467,3.650.127,6.853.020,246.629,0,0,3.345.417,1.012.522,97.475.584,58.971.451,148.142,0,6.927.715,0,31.428.272,0,0,3.135.394,165.456.326,74.999.996,-789.637,0,70.611.673,10.678.006,-4.713.648,14.669.940,0,0,,,28.191.250,-14.292.233,13.899.017,-54.934,-627.82,0,0,-2.345.851,292.732,-1.250.236,921.227,-2.171.463,,,,9.912.908,-3.214.727,1.167.709,,,112.082,7.949.500
31/12/2013,291.880.305,57.104.708,12.465.248,0,13.971.366,9.662.411,0,9.261.746,0,11.743.937,18.974.757,0,0,564.482,0,0,10.596.332,0,252.617,7.561.325,8.396.791,191.308.235,16.095.817,0,291.880.305,22.517.295,3.247.361,8.836.523,2.753.607,4.157.870,479.267,0,0,1.992.792,1.049.876,117.240.955,64.819.143,11.191,0,7.561.947,0,44.848.669,0,0,3.776.259,148.345.806,74.999.996,-789.637,0,61.422.117,0,-2.815.532,15.528.860,0,0,,,28.626.227,-13.914.955,14.711.270,-30.665,-673.057,-5.389.114,-508,-2.329.688,260.153,-9.523.586,1.819.375,-11.342.963,,,,-3.482.686,-11.397.300,-90.594,,,78.599,-14.867.111
31/03/2014,288.843.137,52.027.392,16.252.338,0,10.910.614,10.757.455,0,7.300.050,0,6.806.935,19.180.317,0,0,591.142,0,0,10.613.801,0,260.305,7.715.069,12.028.631,189.553.066,16.053.706,0,288.843.137,20.279.290,1.811.334,7.859.251,1.611.683,4.003.268,742.716,0,0,4.251.038,0,114.908.594,63.557.169,371.843,0,7.263.778,0,43.715.805,0,0,3.407.503,150.247.727,74.999.996,-789.637,0,61.422.117,5.908.759,-2.757.242,11.463.736,0,0,,,22.409.032,-13.171.595,9.237.438,0,-666.761,0,0,-1.436.514,458.665,327.635,3.129.934,-2.802.299,,,,7.920.463,-2.190.685,-146.01,,,324.991,5.908.759
30/06/2014,283.575.615,49.724.834,15.560.231,0,10.705.906,10.980.855,0,6.175.335,0,6.302.507,18.381.875,0,0,521.655,0,0,9.669.963,0,232.02,7.958.239,11.250.506,188.332.638,15.885.744,0,283.575.615,20.983.493,2.262.038,8.209.002,2.024.318,3.966.153,481.815,0,0,4.040.166,0,112.047.014,61.805.306,390.217,0,7.406.297,0,42.445.197,0,0,2.749.020,147.796.069,77.299.999,-789.637,0,54.489.727,9.096.027,-2.449.901,10.149.861,0,0,,,22.084.139,-13.566.266,8.517.875,0,-528.407,-1.729.994,0,-1.346.820,542.163,-128.546,2.067.116,-2.195.662,,,,5.326.271,-1.229.180,-1.007.236,,,97.414,3.187.269
30/09/2014,301.095.322,52.123.546,19.318.729,0,8.931.755,11.829.465,0,7.250.249,0,4.793.344,21.206.813,0,0,602.252,0,0,10.551.501,0,455.636,9.597.423,11.420.377,199.428.211,16.916.372,0,301.095.322,25.483.510,2.914.952,9.968.180,2.358.445,5.004.080,319.797,0,0,4.918.056,0,120.256.209,66.777.170,274.747,0,7.977.311,0,45.226.988,0,0,3.150.279,152.205.316,77.299.999,-789.637,0,54.489.727,5.714.641,-2.698.093,18.188.679,0,0,,,20.629.580,-14.809.608,5.819.973,0,-620.426,0,0,-1.583.718,74.362,-7.790.313,2.576.339,-10.366.652,,,,-4.100.122,137.206,612.537,,,-30.831,-3.381.210
31/12/2014,309.415.510,53.744.763,10.555.341,0,10.236.912,11.955.665,0,8.714.768,0,12.282.078,19.071.660,0,0,609.317,0,0,10.560.010,0,93.13,7.809.202,10.977.902,207.507.063,18.114.144,0,309.415.510,28.513.755,3.088.833,11.566.246,2.398.519,3.768.187,812.698,0,0,6.585.614,293.66,131.300.155,72.749.122,288.315,0,8.873.715,0,49.388.999,0,0,3.186.940,146.414.676,77.299.999,-919.821,0,50.337.751,0,-4.553.335,24.250.087,0,0,,,23.151.809,-17.538.437,5.613.372,-203.459,-584.388,-1.053.743,-440.774,-2.562.739,66.491,-7.161.939,894.109,-8.056.047,,,,-6.327.177,930.539,292.982,,,343.222,-4.760.434
31/03/2015,335.397.749,56.786.952,11.817.819,0,9.024.991,13.036.799,0,9.083.259,0,13.824.083,23.425.325,0,0,694.561,0,0,14.035.636,0,72.253,8.622.876,12.230.136,223.622.939,19.332.389,0,335.397.749,32.165.550,1.687.179,11.001.453,2.058.317,10.249.497,856.325,0,0,5.852.632,460.147,148.230.111,81.135.206,289.62,0,9.941.786,0,56.863.502,0,0,3.682.545,151.319.532,77.299.999,-925.023,0,50.337.751,-9.538.426,-4.961.795,39.107.031,0,0,,,18.026.613,-14.988.204,3.038.409,0,-554.844,0,601.217,-922.572,-825.358,-13.678.042,6.953.212,-20.631.253,,,,-12.341.190,-200.005,2.849.529,,,153.24,-9.538.426
30/06/2015,333.058.114,56.057.188,9.798.673,0,9.867.581,13.740.324,0,8.379.348,0,14.271.263,23.131.232,0,0,682.066,0,0,13.341.423,0,65.234,9.042.509,13.056.627,221.144.023,19.669.051,0,333.058.114,32.140.304,1.630.447,11.890.000,3.040.730,9.887.309,600.42,0,0,4.614.846,476.552,146.188.747,82.486.469,290.658,0,9.585.391,0,53.826.232,0,0,3.322.349,151.406.705,77.299.999,-933.463,0,47.236.649,-4.394.920,-4.083.597,36.282.044,0,0,,,21.441.071,-15.967.647,5.473.424,0,-487.926,0,0,-1.715.826,668.041,1.624.277,4.485.792,-2.861.515,,,,5.561.990,-208.523,-352.571,,,142.61,5.143.506
30/09/2015,393.410.183,70.324.568,17.470.157,0,9.417.138,15.128.693,0,9.010.815,0,19.297.767,43.127.706,0,0,772.486,0,0,31.710.292,0,89.496,10.555.427,12.320.611,245.736.620,21.900.661,0,393.410.183,40.621.933,1.809.649,13.832.192,3.209.305,12.037.014,559.668,0,0,8.063.721,1.110.384,175.990.997,101.883.453,303.83,0,11.505.190,0,62.298.522,0,0,8.907.775,167.889.479,77.299.999,-257.177,0,47.236.649,-11.057.929,-4.652.679,59.320.603,0,0,,,23.350.147,-18.024.690,5.325.458,0,-457.885,0,-188.705,-1.793.116,-1.204.337,-25.847.357,9.047.877,-34.895.237,,,,-24.165.943,-352.878,17.430.335,,,425.476,-6.663.009
31/12/2015,345.549.439,60.417.700,14.021.704,0,6.036.035,13.774.724,0,8.995.056,0,17.590.180,41.601.647,0,0,732.395,0,0,30.867.534,0,5.353,9.996.366,11.481.466,211.259.130,20.789.490,0,345.549.439,41.182.015,1.463.767,13.139.911,3.268.529,9.788.449,1.855.570,0,0,11.249.511,416.281,164.947.821,102.878.306,830.604,0,6.520.193,0,54.718.726,0,0,8.259.373,131.160.209,77.299.999,-1.831.233,0,1.099.113,0,-3.873.063,58.465.399,0,0,,,22.681.352,-19.677.196,3.004.160,0,-642.151,-36.279.489,-412.512,-818.329,-144.796,1.362.685,5.680.432,-4.317.741,,,,-33.930.435,-586.017,299.082,,,1.063.109,-33.154.259
31/03/2016,339.061.506,61.304.865,13.461.076,0,9.443.406,13.526.601,0,7.643.811,0,17.229.967,38.102.114,0,0,690.603,0,0,27.316.836,0,102,10.094.576,12.090.679,206.147.748,21.416.094,0,339.061.506,40.567.263,1.468.189,11.199.787,2.771.477,11.584.431,2.604.296,0,0,10.603.569,335.516,160.512.000,100.413.194,438.081,0,6.466.676,0,53.194.047,0,0,7.223.895,130.758.352,77.299.999,-1.831.233,0,1.099.113,6.310.976,-4.632.219,52.511.707,0,0,,,22.067.358,-16.466.945,5.600.413,0,-464.915,0,166.534,-932.919,589.204,4.772.280,11.753.154,-6.980.874,,,,9.730.597,-1.291.482,-2.111.274,,,-16.865,6.310.976
30/06/2016,324.097.212,58.654.843,13.376.978,0,8.089.376,12.409.307,0,6.676.869,0,18.102.315,34.866.520,0,0,575.779,0,0,23.396.264,0,9.866,10.884.610,12.720.769,195.664.904,22.190.164,0,324.097.212,37.064.393,1.582.613,12.488.855,2.646.036,10.120.305,1.927.380,0,3.241.803,4.799.547,257.854,153.881.952,91.995.808,461.552,3.856.639,5.581.167,0,51.986.788,0,0,6.777.721,126.373.130,77.299.999,-1.826.870,0,1.099.113,9.895.999,-4.068.190,43.973.079,0,0,,,23.202.406,-16.790.836,6.411.569,0,-493.046,-4.226.540,0,-1.243.885,657.895,7.073.637,13.417.499,-6.343.862,,,,8.179.630,-1.415.106,-3.125.120,,,-54.381,3.585.023
30/09/2016,331.396.973,63.324.414,17.427.892,0,8.513.923,12.658.887,0,6.233.863,0,18.489.848,34.144.940,0,0,591.667,0,0,22.234.159,0,61.801,11.257.312,12.908.046,198.430.409,22.589.145,0,331.396.973,35.206.730,1.924.407,12.176.861,2.558.614,7.080.165,1.810.699,0,2.816.117,6.356.519,483.347,160.400.179,95.009.808,445.466,3.788.564,5.440.480,0,55.715.865,0,0,6.856.433,128.933.635,77.299.999,-1.822.890,0,1.099.113,11.738.180,-4.187.105,44.806.332,0,0,,,23.772.496,-16.082.354,7.690.141,0,-494.73,-216.015,0,-494.192,149.399,-3.413.924,1.221.289,-4.635.213,,,,3.220.679,-180.525,-1.174.591,,,-23.382,1.842.181
31/12/2016,322.696.151,73.547.194,13.890.591,0,12.169.422,10.913.419,0,5.814.723,0,30.759.037,34.092.440,0,0,587.274,0,0,23.930.905,0,5.13,9.569.130,12.046.204,180.615.922,22.394.407,0,322.696.151,36.609.495,2.362.089,11.829.842,2.700.077,5.409.699,2.189.588,0,1.349.305,7.215.080,3.553.817,152.384.913,90.153.763,415.629,3.990.614,5.539.952,0,52.284.965,0,0,6.461.216,127.240.523,77.299.999,-1.820.571,0,10.951.348,0,-1.072.139,41.881.883,0,0,,,25.591.003,-11.803.298,13.787.710,0,-301.839,275.387,-166.534,-935.421,-285.483,-6.482.770,1.265.549,-7.748.319,,,,5.891.049,-419.387,151.405,,,109.587,1.573.275
31/03/2017,326.375.834,71.044.399,21.278.972,0,16.317.322,11.537.019,0,5.153.776,0,16.757.314,41.584.538,0,0,580.811,0,0,22.582.231,0,8.479.786,9.941.707,12.302.974,178.295.521,23.148.421,0,326.375.834,37.466.137,1.416.569,11.555.690,2.557.428,7.625.909,3.087.160,2.602.246,1.214.523,4.113.905,3.292.705,150.859.268,86.064.300,3.228.218,3.069.811,5.314.425,0,53.182.509,0,0,4.860.402,133.190.068,77.299.999,-2.149.443,0,10.951.348,7.891.113,-3.251.016,42.448.052,0,0,,,26.742.047,-14.865.132,11.876.914,0,-388.393,1.411.604,145.98,-962.616,224.935,-1.893.813,3.007.245,-4.901.058,,,,10.414.611,-1.584.969,-630.85,,,-50.579,7.891.113
30/06/2017,325.210.833,65.705.128,18.922.164,0,12.348.569,12.782.916,0,5.024.372,0,16.627.108,42.903.200,0,0,596.848,0,0,23.472.597,0,8.796.202,10.037.556,11.925.574,180.821.410,23.855.536,0,325.210.833,35.008.049,2.147.327,12.392.797,2.971.948,6.823.230,1.701.029,0,1.596.618,3.770.872,3.604.227,151.588.897,85.317.861,3.289.455,3.224.953,5.178.734,0,54.577.889,0,0,4.729.303,133.884.596,77.299.999,-2.148.090,0,8.886.843,7.951.438,-5.244.976,47.139.394,0,0,,,23.362.808,-16.461.959,6.900.850,0,-425.968,-835.096,118.887,-933.031,-83.035,-4.339.850,1.481.658,-5.821.508,,,,402.757,-222.491,377.827,,,-109.663,60.325
30/09/2017,323.424.879,63.005.553,14.949.025,0,15.288.917,12.934.091,0,4.618.549,0,15.214.968,42.503.045,0,0,487.387,0,0,21.069.083,0,8.457.245,12.489.331,12.215.227,178.295.914,27.405.124,0,323.424.879,33.954.447,2.939.785,12.711.971,3.290.880,5.824.231,1.607.516,0,400.481,3.589.255,3.590.327,142.239.154,75.878.384,3.112.701,2.152.588,5.081.295,0,56.014.184,0,0,4.671.166,142.560.095,77.299.999,1.003.149,0,8.886.843,15.094.424,-4.240.483,44.516.168,0,0,,,28.600.027,-17.098.918,11.501.111,0,-407.785,-610.393,135.516,-1.170.271,367.021,752.981,4.838.323,-4.085.342,,,,10.568.180,-1.653.890,-1.407.088,,,-26.785,7.142.986
31/12/2017,328.096.711,62.700.728,14.317.520,0,14.879.422,12.987.175,0,6.459.818,0,14.056.793,43.965.383,0,0,497.976,0,0,21.958.781,0,8.694.957,12.813.671,11.801.596,181.534.818,28.094.179,0,328.096.711,43.357.528,3.641.102,13.367.055,3.482.644,5.633.395,893.321,0,343.747,12.097.350,3.898.912,136.633.532,68.758.847,3.226.294,2.269.033,5.687.251,0,56.692.105,0,0,4.348.108,143.757.534,77.299.999,1.020.142,0,21.792.299,0,-3.913.318,47.558.406,0,0,,,29.827.142,-18.831.303,10.995.837,0,-475.379,-1.569.981,266.572,-1.342.497,-207.103,-4.168.848,1.746.379,-5.915.228,,,,3.498.600,797.383,-282.489,,,144.236,2.532.775
31/03/2018,313.706.512,50.650.169,17.841.261,0,9.919.506,13.184.349,0,5.907.420,0,3.797.633,42.150.097,0,0,499.254,0,0,20.297.075,0,5.250.636,16.103.133,12.367.719,179.979.141,28.559.393,0,313.706.512,33.204.795,1.872.506,11.960.265,3.091.965,6.534.557,2.820.671,0,579.009,5.638.979,706.843,128.275.268,60.859.421,3.239.291,1.732.845,5.664.549,0,56.779.158,0,0,3.670.389,148.556.075,77.299.999,1.020.142,0,21.792.299,5.045.204,-3.856.896,47.255.314,0,0,,,27.932.424,-16.970.344,10.962.082,0,-401.992,-96.04,0,-881.554,272.964,-2.071.260,759.52,-2.830.780,,,,7.784.200,-294.912,-2.044.398,,,-61.869,5.112.112
30/06/2018,339.647.169,59.639.296,24.557.353,0,10.350.142,15.417.622,0,6.478.245,0,2.835.935,48.945.807,0,0,0,593.466,0,0,25.199.423,0,6.077.764,12.440.545,187.816.280,30.805.232,0,339.647.169,35.420.455,2.674.345,13.832.036,3.450.536,7.027.064,2.103.283,0,1.310.411,5.022.780,0,138.888.872,62.015.840,3.712.720,2.382.543,6.471.644,0,64.306.115,0,0,3.622.700,161.715.158,77.299.999,1.020.142,0,21.792.299,5.367.437,-6.371.153,62.606.426,0,0,,,31.233.137,-19.462.361,11.770.775,0,-439.516,-1.536.238,0,-966.309,177.39,-10.929.894,607.851,-11.537.745,,,,-1.923.792,-459.411,2.753.788,,,-25.4,306.094
30/09/2018,342.278.570,60.585.832,24.424.372,0,11.150.082,16.238.472,0,6.382.340,0,2.390.565,47.987.573,0,0,0,618.832,0,0,22.874.839,0,6.425.454,12.598.114,189.916.692,31.190.331,0,342.278.570,36.718.207,3.517.680,16.168.571,3.162.779,5.497.638,2.017.100,0,1.584.239,4.770.200,0,138.866.803,61.808.202,3.838.802,1.971.298,6.851.634,0,64.396.857,0,0,3.435.501,163.258.051,77.299.999,1.020.142,0,19.852.984,3.426.400,-5.249.021,66.907.537,0,0,,,37.862.400,-22.827.340,15.035.060,0,-535.092,-787.53,0,-828.873,133.464,-4.958.021,444.83,-5.402.851,,,,8.059.008,279.428,-2.730.782,,,145.388,5.753.042
31/12/2018,341.714.862,59.256.115,22.412.548,0,11.669.973,17.215.949,0,5.525.300,0,2.432.348,51.631.833,0,0,0,589.178,0,0,26.767.477,0,6.247.965,12.495.002,187.481.506,30.850.392,0,341.714.862,35.516.666,4.054.028,13.609.716,3.331.427,3.888.522,4.392.479,0,2.183.871,4.056.619,0,132.516.004,56.039.432,3.721.696,1.334.669,5.935.772,0,65.484.427,0,0,3.279.552,170.402.628,77.299.999,969.374,0,35.896.254,0,-5.516.983,61.753.975,0,0,,,37.455.155,-21.940.861,15.514.306,0,-540.165,-1.103.650,0,-1.296.033,-1.277.304,-98.344,-263.114,164.77,,,,11.198.808,-2.331.160,5.793.427,,,-175.361,14.485.279
31/03/2019,366.875.542,58.742.235,19.512.945,0,10.729.878,19.129.780,0,6.839.683,0,2.529.953,67.650.007,0,0,0,600.893,0,0,30.049.057,0,6.223.848,12.750.666,194.454.012,33.278.640,0,366.875.542,48.573.219,2.059.423,12.981.326,4.294.870,11.435.445,4.291.483,0,1.431.118,12.079.554,0,150.042.280,61.813.887,3.730.876,1.212.704,5.938.071,0,77.346.734,0,0,3.168.431,165.091.628,77.299.999,969.374,0,35.980.767,-6.421.966,-5.616.174,62.879.633,0,0,,,30.951.588,-17.749.930,13.201.659,0,-417.681,-780.52,0,-18.717.546,313.297,-2.588.908,364.267,-2.953.175,,,,-8.989.699,-960.981,3.405.064,,,123.65,-6.421.966
30/06/2019,366.869.545,60.989.088,23.176.176,0,12.692.307,18.105.004,0,4.570.655,0,2.444.947,66.773.213,0,0,0,362.798,0,0,29.501.137,0,6.150.559,11.937.606,194.051.998,33.117.628,0,366.869.545,49.175.818,2.462.653,14.970.936,4.031.042,5.844.944,3.057.103,0,1.634.323,17.174.818,0,151.711.400,61.713.777,3.673.885,1.239.946,5.628.965,0,79.454.822,0,0,2.843.099,163.139.207,77.299.999,-2.714.714,0,39.664.894,-6.806.122,-6.667.409,62.362.563,0,0,,,36.004.954,-20.282.096,15.722.858,0,-427.028,-422.048,0,-7.737.609,-2.860.871,-2.835.724,478.579,-3.314.303,,,,1.439.579,-1.426.874,-431.576,,,34.715,-384.156
30/09/2019,391.021.101,76.985.672,35.644.436,0,10.764.047,19.276.972,0,4.999.598,0,6.300.616,63.438.529,0,0,0,369.441,0,0,32.424.972,0,6.662.685,12.485.802,203.511.972,34.599.125,0,391.021.101,55.929.504,3.096.329,17.703.733,6.161.547,6.528.940,3.147.588,0,1.140.902,18.150.466,0,157.385.556,62.587.855,3.972.258,1.597.362,7.322.965,0,81.905.107,0,0,2.808.929,174.897.112,77.299.999,-2.665.196,0,39.615.377,-264.477,-6.990.932,67.902.345,0,0,,,40.664.662,-22.627.537,18.037.129,0,-504.518,-130.026,0,-3.019.284,500.313,-4.555.344,525.354,-5.080.698,,,,10.328.271,-3.381.668,-485.325,,,80.367,6.541.645
31/12/2019,369.670.324,68.697.543,29.627.093,0,11.483.278,17.228.427,0,3.718.722,0,6.640.027,67.704.775,0,0,0,349.962,0,0,37.151.420,0,6.448.928,11.277.871,187.733.148,34.256.976,0,369.670.324,55.805.645,3.183.381,16.555.739,3.801.797,5.804.801,3.950.826,6.332.858,377.333,15.798.909,0,156.715.336,54.037.930,3.853.277,1.236.930,7.584.788,0,90.002.407,0,0,-4.330.947,161.480.311,77.299.999,2.379.446,0,22.056.063,0,-6.260.883,66.005.676,0,0,,,41.018.720,-23.175.997,17.842.713,0,-575.081,-19.429.777,0,-7.719.559,-636.642,-3.464.810,723.492,-4.188.302,,,,-13.983.162,-215.668,6.005.999,,,1.785.863,-6.406.968
31/03/2020,439.707.009,103.682.253,61.284.200,0,12.314.359,21.262.801,0,2.969.202,0,5.851.696,85.232.058,0,0,0,397.645,0,0,52.301.496,0,8.281.969,11.299.104,203.641.094,35.852.489,0,439.707.009,60.186.259,2.265.701,15.642.493,3.752.302,6.060.522,4.449.973,6.332.858,3.688.620,17.993.791,0,206.624.440,91.512.996,5.152.862,4.202.766,9.049.747,0,96.706.068,0,0,-5.957.665,178.853.970,77.299.999,2.379.446,0,22.124.055,984.38,-7.041.749,83.107.832,0,0,,,31.250.932,-19.214.588,12.036.344,0,-515.876,-135.937,0,-2.595.880,-766.987,-10.486.807,491.877,-10.978.684,,,,-2.465.143,-1.592.715,4.694.801,,,347.437,984.38
30/06/2020,455.303.496,111.195.316,66.333.143,0,15.867.577,22.221.111,0,2.958.359,0,3.815.131,86.792.610,0,0,0,355.324,0,0,53.689.147,0,8.718.112,11.342.954,209.248.141,36.724.457,0,455.303.496,61.073.252,2.716.377,16.067.817,3.922.256,6.613.510,4.073.990,6.348.336,2.881.497,18.449.467,0,213.854.863,94.994.653,5.150.735,4.823.041,8.932.961,0,99.953.476,0,0,-6.583.731,186.959.087,77.299.999,-1.184.210,0,25.758.624,6.272.780,-26.577.291,105.389.187,0,0,,,40.433.836,-22.667.063,17.766.771,0,-664.049,-2.260.108,0,-3.736.073,-2.785.192,-2.589.407,714.145,-3.303.552,,,,5.731.941,-1.741.711,886.881,,,411.289,5.288.400
30/09/2020,451.139.568,98.957.140,49.889.391,0,18.736.359,24.417.612,0,2.671.306,0,3.242.473,89.113.084,0,0,0,356.816,0,0,54.209.741,0,8.963.726,11.481.729,214.280.258,37.307.339,0,451.139.568,60.259.549,3.827.954,17.478.283,6.318.306,5.774.890,4.215.894,89.601,2.531.499,20.023.120,0,203.518.099,79.207.530,5.299.652,5.370.465,9.219.873,0,104.420.581,0,0,-7.277.833,194.639.736,77.299.999,-1.184.210,0,13.408.307,21.887.875,-26.686.716,109.914.481,0,0,,,57.905.746,-25.893.132,32.012.612,0,-683.851,-1.609.161,0,-2.798.568,-210.679,-7.380.568,369.728,-7.750.296,,,,19.329.784,-4.017.370,-240.184,,,542.869,15.615.099
31/12/2020,478.129.488,126.805.172,70.085.566,0,27.233.884,21.102.768,0,2.646.315,0,5.736.639,78.623.441,0,0,0,312.452,0,0,53.710.606,0,4.791.293,10.556.640,213.835.743,48.308.511,0,478.129.488,75.837.514,4.559.584,17.495.960,6.718.851,5.901.375,3.759.681,6.342.148,1.711.569,29.348.348,0,221.306.012,72.187.724,4.903.921,3.578.097,9.197.689,0,131.438.592,0,0,-4.798.995,185.784.982,77.299.999,1.198.201,0,30.144.428,0,-7.342.584,84.484.940,0,0,,,78.938.243,-30.792.712,48.145.539,0,-993.137,-7.813.586,0,-28.651.491,-1.673.072,-3.683.848,346.078,-4.029.927,,,,5.330.407,-10.476.216,9.461.866,,,508.777,4.824.833
31/03/2021,495.568.880,132.024.156,73.398.526,0,20.874.815,24.352.420,0,2.651.300,0,10.747.091,80.997.564,0,0,0,340.091,0,0,52.459.332,0,5.183.146,10.657.581,222.546.772,49.342.783,0,495.568.880,67.379.159,2.782.670,17.732.893,6.504.540,5.633.236,4.148.080,119.069,1.755.332,28.703.341,0,226.287.845,73.034.613,5.355.123,4.874.934,11.078.331,0,131.944.833,0,0,-5.584.909,207.486.759,77.299.999,1.197.488,0,18.293.223,30.564.233,226.248,79.905.571,0,0,,,69.301.182,-25.397.180,43.904.004,0,-577.443,-896.866,0,-2.020.949,-93.422,-176.36,402.352,-578.712,,,,40.138.965,-8.270.362,-1.679.623,,,375.265,30.564.243
30/06/2021,483.789.275,127.068.004,68.274.696,0,24.781.867,23.512.951,0,3.342.297,0,7.156.198,71.202.742,0,0,0,292.626,0,0,46.711.046,0,0,10.990.799,219.518.173,55.009.559,0,483.789.275,71.698.244,3.461.201,18.893.310,10.173.351,4.962.802,940.769,133.398,1.022.893,32.110.516,0,200.164.524,64.380.649,255.494,2.612.107,9.928.221,0,122.988.052,0,0,3.489.620,208.436.912,77.299.999,-467.799,0,-2.930.988,67.024.945,-4.730.534,72.241.283,0,0,,,87.846.822,-30.574.617,57.272.205,0,-708.845,-2.181.403,0,-3.129.406,-2.264.490,1.861.094,453.524,1.407.570,,,,50.849.157,-6.271.230,-4.746.041,,,262.814,40.094.695
30/09/2021,472.574.394,108.736.094,59.057.152,0,4.747.199,27.658.705,0,4.483.893,0,12.789.152,80.445.358,0,0,0,306.125,0,0,62.019.912,0,0,11.418.386,223.491.686,48.482.890,0,472.574.394,87.442.211,3.968.469,22.282.244,15.905.843,7.317.973,720.623,192.657,1.816.137,35.169.264,69,199.664.419,66.577.703,258.882,3.428.297,10.485.892,0,118.913.647,0,0,4.171.479,181.296.286,77.299.999,-21.695.433,0,13.662.566,40.681.210,172.055,76.104.442,-4.928.551,0,,,66.260.718,-30.533.591,35.727.118,0,-602.879,-12.621.408,0,-2.574.807,670.218,-1.938.626,475.33,-2.413.957,,,,18.659.621,-12.867.366,14.781.928,,,-370.934,20.203.246
31/12/2021,499.128.009,124.800.000,65.408.999,1.028.000,21.839.999,24.429.001,0,4.809.000,0,7.285.000,80.274.997,0,0,0,0,0,0,69.066.998,0,0,9.771.000,233.995.010,50.287.002,0,499.128.009,84.813.996,4.553.000,19.392.999,13.959.999,6.720.000,2.192.000,0,1.355.000,34.662.998,1.978.000,217.256.002,70.188.999,262,3.301.000,10.494.000,0,133.009.998,0,0,4.655.000,192.403.003,77.299.999,-25.556.001,0,87.621.001,0,-2.022.000,59.937.001,-4.877.000,0,,,70.115.295,-30.761.609,39.353.663,0,-711.833,13.347.677,0,-15.296.838,-5.259.306,18.065.893,490.794,17.575.098,,,,49.499.259,-2.670.043,-3.597.264,,,-382.145,30.365.817
31/03/2022,441.316.016,92.218.999,42.930.999,204,14.797.000,23.871.001,0,3.943.000,0,6.473.000,71.925.998,0,0,0,0,0,0,58.509.001,0,0,9.130.000,219.399.995,48.640.999,0,441.316.016,69.491.999,2.549.000,16.327.000,6.228.000,5.228.000,1.800.000,0,2.650.000,32.553.001,2.157.000,189.463.003,61.175.001,0,1.213.000,8.670.000,0,118.404.997,0,0,4.047.000,178.313.998,77.299.999,-20.043.000,0,55.183.000,23.046.001,-3.253.000,51.030.000,-4.949.000,0,,,56.719.000,-24.174.000,32.544.999,0,-629,5.328.000,0,-2.844.000,1.119.000,-1.376.000,788,-2.164.000,,,,34.143.001,-1.284.000,-9.702.000,,,-117,23.046.001
