Data,(USA GDP Quarterly)__(US$ (Millions)),(Cobre)__(Último),(Cobre)__(Vol),(Cobre)__(Var),(EU GDP Quarterly)__(EU GDP (Millions Euros)),(Emprego Industria BR)__(Pessoal Empregado industria),(Europe Main Unenployment Rate)__(Unemployment Germany),(Europe Main Unenployment Rate)__(Unenployment France),(Europe Main Unenployment Rate)__(Unenployment Italy),(Europe Main Unenployment Rate)__(Unemployement England),(Europe Main Unenployment Rate)__(Mean Main Europe),(Unemployement USA)__(usa_unemploy),(Construção Civil China)__(Gross Output Value of Construction(100 million yuan)),(Merge)__(Taxa de cambio minerais metalicos),(Merge)__(Taxa de cambio compra media),(Merge)__(Taxa de cambio compra_fim de periodo),(Merge)__(Exportaçoes FOB),(Merge)__(PIBbrasil),(Merge)__(PIBacumulado12),(Vale Finanças)__(Receita Operacional Bruta),(Vale Finanças)__(Impostos),(Vale Finanças)__(Receita Operacional Líquida),(Vale Finanças)__(Custo dos Produtos Vendidos),(Vale Finanças)__(Lucro bruto),(Vale Finanças)__(Margem bruta (%)),(Vale Finanças)__(Resultado de Participações Societárias),(Vale Finanças)__(Equivalência Patrimonial),(Vale Finanças)__(Amortização de Ágio),(Vale Finanças)__(Outras),(Vale Finanças)__(Despesas Operacionais),(Vale Finanças)__(Vendas),(Vale Finanças)__(Administrativas),(Vale Finanças)__(Pesquisa e Desenvolvimento),(Vale Finanças)__(Outras Despesas Operacionais Líquidas),(Vale Finanças)__(Resultado Financeiro),(Vale Finanças)__(Despesas Financeiras),(Vale Finanças)__(Receitas Financeiras),(Vale Finanças)__(Variações Monetárias),(Vale Finanças)__(Lucro Operacional),(Vale Finanças)__(Resultado em  Operações Descontinuadas),(Vale Finanças)__(IR e Contribuição Social),(Vale Finanças)__(Lucro Líquido  *),(Vale Ações)__(Var),(Vale Ações)__(Class),(Vale Ações)__(Preço),(varIvestimento (FBCF))__(USA),(varIvestimento (FBCF))__(BRA),(varIvestimento (FBCF))__(OECD),(varIvestimento (FBCF))__(G7),(GDP OECD)__(OECD),(Preço Produtor Mundo)__(OECD),(Preço Produtor Mundo)__(EU)
2002-04-01 00:00:00,2721842,0.7505,75366.66667,-2.31,2130904.7,91.76512014,9.666666667,8.633333333,8.833333333,11.3,9.608333333,5.915694089,66231.66831,342.2814327,2.3617,2.3617,4612.069084,120385.9,1358396.3,1601,-57,1544,-852,10843,0.449,152,284,-66,1,-178,-28,-90,22,-38,-65,-121,32,24,601,-,31,632,21.56,Alta,2.836666667,0.018217346,1.078515555,-0.107483046,-0.504063685,0.795054213,75.20176,75.48328
2002-07-01 00:00:00,2751463,0.674,42300,-2.94,2122869.7,91.82478458,9.833333333,8.6,8.6,11.2,9.558333333,5.776441926,66008.25034,415.6116404,3.4277,3.4277,6202.182481,126856.6,1405319.2,1843,-81,1762,-972,790,44.8,407,626,-104,-,-237,-35,-94,31,-77,-1146,-201,52,-997,-186,-,272,86,12.72,Alta,3.183333333,0.195294854,2.195599572,0.68738144,0.690762174,0.501174097,75.5151,76.0014
2002-10-01 00:00:00,2824686,0.671833333,49086.66667,0.94,2237447.4,91.58171174,10.1,8.566666667,8.466666667,11.1,9.558333333,5.938038754,66977.04325,503.0882024,3.6442,3.6442,6456.465,133125.4,1453478.1,2340,-81,2259,-1028,1231,54.5,482,962,-108,5,-312,-44,-91,47,-130,-2613,-495,4,-2122,-1212,111,885,-216,18.03,Alta,3.89,-0.052623948,1.986988611,0.829076622,0.497523951,0.343155216,75.86443,76.36469
2003-01-01 00:00:00,2743734,0.741,96656.66667,5.316666667,2104810.4,90.03333333,10.46666667,8.3,8.733333333,11.1,9.65,5.956682534,68889.44828,464.4882303,3.525,3.525,4780.278337,127177.5,1503589.9,2786,-114,2672,-1281,1391,52.1,412,474,-194,-3,-362,-79,-98,48,-137,598,-42,14,626,2039,-,-498,1541,-11.12,Baixa,3.796666667,0.732576146,-2.965870786,0.296738671,-0.013564277,0.204043946,76.95631,77.40646
2003-04-01 00:00:00,2831413,0.760166667,67300,0.393333333,2176378.6,91.93333333,10.6,8.5,8.466666667,11.3,9.716666667,6.22841156,7919.11,393.4841701,2.889,2.889,5681.705996,141388.1,1564734.4,2517.618,-100.847,2416.771,-1247.883,1168.888,48.36569125,335.08,418.62,-93.172,,-284.557,-51.68,-88.758,38.255,-105.864,144.895,-184.646,49.617,279.924,1364.306,,-200.478,1163.828,-7.14,Baixa,3.293333333,1.949921597,-6.712284041,0.649464224,0.751606312,0.524691854,76.36093,76.86164
2003-07-01 00:00:00,2886905,0.680833333,69356.66667,-4.756666667,2180871.3,91.66666667,10.53333333,8.433333333,8.4,11.3,9.666666667,6.150882741,14892.3,365.7732753,2.9647,2.9647,6087.497688,145970.6,1614470.7,2206.413,-87.4,2119.013,-1210.849,908.164,42.8578777,150.992,370.497,-184.639,,-308.491,-45.319,-96.577,35.89,-130.705,783.144,-163.5,61.167,885.477,1533.809,,-259.082,1274.727,35.81,Alta,4.306666667,3.026981782,0.543726504,1.484583622,1.470621406,1.043362294,76.50135,76.87881
2003-10-01 00:00:00,2994399,0.724833333,67120,1.993333333,2305471.9,91.1,10.5,8.833333333,8.2,11.2,9.683333333,5.935774248,21865.49,360.7010797,2.8554,2.8554,7532.647324,154925.9,1676712.4,2766,-86.946,2679.054,-1350.8,1328.254,49.57921714,487.094,246,-113.258,0,-226.024,-55.927,-97.097,64,-9,-273.025,-145.078,59.945,-187.892,1316.299,,-38.001,1278.298,41.72,Alta,5.58,1.55618533,4.371260254,1.793729517,1.248306749,1.067848688,76.83671,77.14109
2004-01-01 00:00:00,2924602,0.765166667,125126.6667,1.086666667,2190223,90.83333333,10.33333333,8.9,8.266666667,11,9.625,5.774906165,3882.01,354.5624191,2.9401,2.9401,5785.343912,144558.6,1735331.5,2877,-79,2798,-1547.8,1250.2,44.68191565,149,417,-114,0,-357,-64,-124,95,-74,-261,-240,51,-72,781.2,,11,792.2,-5.28,Baixa,6.3,-0.244329293,3.229732028,0.552412006,-0.068147149,0.773072147,77.6873,77.75929
2004-04-01 00:00:00,3032386,0.756,69586.66667,1.75,2286248.7,93.9,10.46666667,8.8,8.033333333,10.6,9.475,5.652946799,10096.65,300.4273768,2.9439,2.9439,6581.422428,156953.9,1781058,2731,-123,2608,-1476,1132,43.4,510,595,-57,,-440,-104,-63,85,-183,-205,-165,29,-69,997,,-43,954,-5.21,Baixa,5.633333333,2.347333436,3.588244043,1.221946156,1.307701863,0.69606893,79.32268,79.37299
2004-07-01 00:00:00,3069688,0.815833333,68500,2.916666667,2274736.2,96.46666667,10.63333333,8.833333333,7.833333333,10.1,9.35,5.484474358,16487.01,303.4029264,3.026,3.026,8962.900814,171370.9,1853700.2,3578,-194,3384,-1775,1609,47.5,1136,1247,-80,,-305,-134,-76,88,-,-703,-153,20,-570,1737,,-54,1683,29.81,Alta,6.826666667,1.697145974,1.97410885,0.911541152,0.965369339,0.597136879,80.11845,80.41579
2004-10-01 00:00:00,3190521,0.966333333,63870,8.84,2416686.9,97.3,10.8,8.966666667,7.966666667,9.6,9.333333333,5.483948314,27745.38,289.5310398,2.8557,2.8557,8177.723377,170536.5,1909813,3741.8,-208,3533.8,-1855,1678.8,47.50693305,903,970,-57,,-466.5,-7.5,-122.6,99,-237.4,-54,-276,24,198,1212.3,,-228,2296.3,17.52,Alta,7.926666667,1.459642467,-1.78165062,1.151658131,1.104485589,0.695026803,80.92702,81.18041
2005-01-01 00:00:00,3111329,1.282,122166.6667,9.326666667,2276703.5,96.53333333,11.86666667,8.633333333,7.9,9.1,9.375,5.337313128,4514.14,284.8311362,2.624,2.624,7480.600323,163540.1,1976732.7,3734.5,-172,3562.5,-2041,1521.5,42.70877193,,,,,-425,-7,-169,111,-138,211,-172,28,355,1096.5,,-560,1527.5,13.16,Alta,9.946666667,1.472373079,-1.212555504,1.256165243,1.07207627,0.753536705,81.2927,81.30221
2005-04-01 00:00:00,3232051,1.23,59153.33333,-3.583333333,2390539.7,98.73333333,11.86666667,8.8,7.8,8.7,9.291666667,5.177600611,12056.56,241.4383291,2.5305,2.5305,9247.138198,177179,2032903.2,7052,-331.8,6720.2,-3785,2935.2,0.436772715,130.4,-57.3,0,,-560,-100,-258,81,-121,-274,-295,113,-92,2174.3,,-391,1614.3,-18.21,Baixa,8.11,1.482615322,3.441410073,1.751721017,1.346244101,0.68120451,82.26547,82.23988
2005-07-01 00:00:00,3306451,1.325166667,57013.33333,5.036666667,2371654.9,98.9,11.66666667,8.966666667,7.633333333,8.3,9.141666667,5.031363406,20056.88,215.9529897,2.3897,2.3897,11084.27804,184073.7,2079143.4,10051,-499.993,9551.007,-4011,5540.007,0.580044282,146.831,-57.27,0,,-784.552,-95.514,-307.592,161.446,-220,82.137,-247,58.137,271,4914.481,,-1060.879,3478.602,38.66,Alta,10.09666667,1.444391917,0.153298001,1.344789779,1.415734662,0.896202978,83.27819,83.18404
2005-10-01 00:00:00,3389367,1.408,62730,1.46,2521927,98,11.43333333,9.1,7.666666667,7.9,9.025,5.023566986,34745.79,209.1134152,2.2535,2.2535,9929.497189,189183,2132693.9,9041.947,-236.659,8805.288,-4108.271,4697.017,0.533431388,13.73,84,,,-932.469,-90.782,-332.66,220.439,-288.588,-319.265,-509.503,65.34,124.898,3459.013,297.7,-764.069,2712.025,-3.38,Baixa,11.10333333,0.417366805,0.078717382,0.748628545,0.374164274,0.754647535,83.88829,83.55927
2006-01-01 00:00:00,3333266,1.472166667,115753.3333,1.06,2409246,97.56666667,11.4,9.166666667,7.333333333,7.5,8.85,4.793048349,5520.79,199.1159757,2.2152,2.2152,9282.148569,185564.8,2192609.2,,,,,,,,,,,,,,,,,,,,,,,,11.87,Alta,12.62,1.97944937,4.593425964,1.53572348,1.126207683,1.020749324,84.2959,84.26134
2006-04-01 00:00:00,3460990,1.4655,83443.33333,0.373333333,2517690.1,100.1,11,8.933333333,6.966666667,7.1,8.5,4.746579494,14931.11,196.2148009,2.0884,2.0884,9822.123658,185030.6,2232996,8281,-316,7965,-3944,4021,0.504833647,16,76,-38,,-781,-105,-331,156,-189,-259,-527,108,160,2997,19,-585,2184,-0.96,Baixa,12.37666667,-0.294050857,-0.269471553,0.972325927,0.623300461,0.674953021,86.07517,85.79914
2006-07-01 00:00:00,3463694,1.672666667,57776.66667,4.606666667,2504658.7,101.1666667,10.53333333,8.933333333,6.666666667,7,8.283333333,4.705585339,24914.55,158.502194,2.1754,2.1754,13637.84011,206974.4,2294464.3,10130.665,-350.794,9779.871,-4352,5427.871,0.555004355,-56.834,75.422,-132.256,,-908.566,-130,-380.634,222.03,-175.902,-466.405,-556.819,104.764,-14.35,3996.066,736.866,-593.102,3906.425,-10.54,Baixa,11.19666667,-0.748219716,0.903106165,0.402366082,-0.24015375,0.370629647,86.70065,86.74357
2006-10-01 00:00:00,3557633,1.933166667,69513.33333,5.766666667,2680812.9,101.2333333,10.06666667,8.366666667,6.5,6.8,7.933333333,4.514709466,40975.46,157.2553871,2.1422,2.1422,12655.9033,214271.7,2361640.9,11642,-417,11225,-4387.00," 2,926 ", 40.0 , 183 ,119,-131,,-1039,-26,-376,289,-348,-249,-400,138,13,4986,34," 2,180 "," 1,573 ",32.57,Alta,13.86333333,-0.459549689,3.034681576,0.921823709,0.562370135,0.966043736,85.90273,86.11306
2007-01-01 00:00:00,3482006,2.284333333,121173.3333,6.57,2566049.2,101,9.466666667,8.466666667,6.233333333,6.8,7.741666667,4.575933646,6708.8,149.9338262,2.1239,2.1239,10966.84859,211130.7,2435015.8,9204,-288,8916,-4407,4509, 40.0 , 183 ,136,,,-850,-54,-382,175,-205,-764,-527,103,-340,3000,,-153,2637,18.82,Alta,17.17333333,0.019816166,3.781476547,0.944739011,0.227882743,0.685202617,86.4882,86.65882
2007-04-01 00:00:00,3613882,3.4905,46146.66667,1.096666667,2672485.4,104.1666667,9.1,8.133333333,6,6.7,7.483333333,4.564973924,18212.85,141.1418295,2.0331,2.0331,12433.00258,215128.8,2516701.6,16629,-380,16249,-7247,9003,0.554064866,-253,35,-263,-25,-923,-57,-545,239,-82,-208,-1404,291,905,7619,0,-2075,5095,12.76,Alta,20.08333333,0.729907137,4.519723488,0.676880978,0.187626873,0.667080264,88.39752,88.2555
2007-07-01 00:00:00,3637993,3.136333333,54080,-5.99,2660843.3,105.6,8.8,8,6.2,6.8,7.45,4.721235485,30582.24,144.0372833,1.8768,1.8768,14086.69358,233824.1,2602131.6,18197.031,-388.422,17808.609,-3785.00," 4,113 ", 52.1 , 165 ,19,-365,-589,-1205,-102,-465,206,-332,-46,-1020,181,793,8213.133,1261," 3,430 "," 2,940 ",39.92,Alta,24.49333333,-0.418117044,1.816108847,-0.141102303,-0.666778309,0.525886914,88.89213,89.08102
2007-10-01 00:00:00,3740350,2.8325,130526.6667,3.546666667,2839408.3,106.2666667,8.5,7.5,6.4,7.1,7.375,4.863941336,50018.62,143.4622757,1.7432,1.7432,15744.75967,241939.4,2676947.9,16037.198,-416.598,15620.6,-4504.00,8353.312, 48.4 , 136 ,44.23,-344.579,-343.329,-1368,-102,-479, 262 ,-396,138,-398,64,472,6479.634,196.87," 2,683 "," 2,573 ",-3.24,Baixa,29.42,-0.561177042,2.591946143,1.063282791,0.05740164,0.709441697,90.09454,90.43832
2008-01-01 00:00:00,3657487,3.466166667,86853.33333,3.406666667,2684902.7,106.4666667,8.033333333,7.133333333,6.6,7.7,7.366666667,5.01378953,8347.03,158.2398948,1.7595,1.7595,13234.23294,237247.7,2746380,15521,-436,15085,-4242.00," 3,590 ", 45.8 , 119 ,46,-333,-287,-1869,-179,-620,462,-608,395,-607,262,740," 2,915 ",0,-183," 2,021 ",3.74,Alta,26.90333333,-1.314487903,3.759536002,-0.413678505,-0.423075728,0.192476362,91.92068,92.03622
2008-04-01 00:00:00,3715835,3.561666667,68013.33333,1.983333333,2806204.7,109.1333333,7.833333333,7.333333333,6.866666667,8.5,7.633333333,5.41352869,22664.53,130.3490455,1.6864,1.6864,14038.68887,248793.8,2834556.8,14549,-424,14125,-4763.00," 5,837 ", 55.1 , 260 ,45,-389,-105,-1288,-143,-457,269,-357,-2056,-1552,118,-622,-139,," 5,235 "," 5,009 ",-3.31,Baixa,29.87666667,-0.301847993,4.411106654,-0.737521195,-0.711216768,0.014602604,95.52325,95.01376
2008-07-01 00:00:00,3698182,3.233,74323.33333,-5.796666667,2766603.1,111.0333333,7.633333333,7.5,6.733333333,9,7.716666667,6.105877441,37552.37,115.6024745,1.5658,1.5658,20401.41781,278095.6,2944030,18884,-549,18335,-5116.00," 6,623 ", 56.4 , 290 ,69,-336,-677,-1244,-104,-527,331,-149,-890,485,50,-1425,,," 5,535 "," 4,821 ",-41.61,Baixa,20.18,-1.908327539,5.833445082,-1.562907243,-1.581564417,-0.501909949,97.58928,96.21346
2008-10-01 00:00:00,3698360,3.663,162340,8.196666667,2827569.5,110,7.633333333,7.8,7,9.1,7.883333333,6.992615755,61144.26,119.9797544,2.1145,2.1145,18423.67533,280522.5,3059105.4,13179,-263,12916,-3520.00,6049, 51.5 , 125 ,13.45,0,0,-1900,-129,-445,441,-885,-361.699,,,," 1,063 ",,-758," 1,367 ",-22.71,Baixa,13.61333333,-5.373365815,-8.262098045,-3.713254639,-4.023649621,-2.015282066,92.96648,92.42504
2009-01-01 00:00:00,3522117,3.797666667,94396.66667,0.683333333,2546799.9,105.0666667,7.933333333,8.566666667,7.466666667,9.3,8.316666667,8.403543237,10116.62,116.7054756,2.3154,2.3154,9663.351384,249934.4,3122486.9,11003,-312,10691,-2900.00," 3,735 ", 45.5 , 72 ,50,0,0,-1811,-75,-439,562,-735,2574,,,," 1,685 ",,-3534," 1,363 ",12.8,Alta,15.36333333,-6.335132967,-11.15842712,-6.063546955,-5.995510468,-2.316196678,90.02503,89.71664
2009-04-01 00:00:00,3598010,3.3115,93226.66667,-9.386666667,2631143.6,104.6,8.266666667,9.166666667,7.566666667,9.8,8.7,9.400079409,27502.2,115.469905,2.1775,2.1775,12221.83491,259563.5,3164637.8,,,,," 2,424 ",,,,,,,,,,,,,,,,,,,14.25,Alta,17.94333333,-2.417367839,7.390456646,-1.7262904,-2.051158933,0.192533857,90.35534,89.74397
2009-07-01 00:00:00,3623204,1.6295,106213.3333,-20.29666667,2632244.9,105.6,8.233333333,9.2,8.033333333,9.9,8.841666667,9.744290406,46518.27,136.4378747,1.8718,1.8718,14050.67167,285444.2,3195271.3,13582.448,-374.419,13208.029,"(3,591)","3,115 ",46.5 ,155,30.262,0,,-1662.456,-106.191,-471,265,-647.102,198.918,,,,"2,293 ",,-1839.712,"1,677",18.71,Alta,18.98666667,0.368310878,9.694529556,-0.168373233,-0.338431965,0.592217002,91.0589,90.13201
2009-10-01 00:00:00,3734738,1.621,180513.3333,9.7,2777329.9,106.9,8.1,9.533333333,8.4,10.4,9.108333333,10.10714533,75863.78,140.6137292,1.7432,1.7432,14015.80325,301895.9,3249541.6,12047.888,-366.694,11681.194,-7199,4482.194,0.383710261,22,22,0,,-2222.444,-116,-588,522.444,-996,-460,,,,1821.75,,1206,2628.75,20.32,Alta,23.93666667,0.170231773,7.70199995,0.434234796,0.201429962,0.894585329,91.52248,90.48474
2010-01-01 00:00:00,3602418,2.173,111420,7.153333333,2612153.3,108,8,9.4,8.6,10.6,9.15,9.959991838,12706.9,146.0040593,1.874,1.874,11153.0057,288972.8,3372087.7,,,,,,,,,,,,,,,,,,,,,,,,15.26,Alta,26.14333333,-0.367058405,1.845738334,0.185103055,0.518790633,0.626405986,92.66096,91.50806
2010-04-01 00:00:00,3755370,2.754833333,137370,7.643333333,2737668.3,111.4,7.733333333,9.266666667,8.633333333,10.4,9.008333333,9.836057753,34193.4,144.4973918,1.7298,1.7298,15074.15964,307083.5,3510858.7,13029.349,-446.027,12583.322,"(4,122)","5,536 ",57.3 ,283,7.214,0,,-1923.572,-86.855,-478.632,273,-1044.443,-1337,,,,"4,630 ",,353.447,"3,705",-24.96,Baixa,24.68666667,3.205260025,2.119401644,2.033912358,2.282455819,1.105969571,93.97427,93.2038
2010-07-01 00:00:00,3793867,3.158333333,162856.6667,5.886666667,2739559.4,113.7,7.566666667,9.2,8.333333333,10.2,8.825,9.605978615,57626.54,76.18474993,1.7564,1.7564,17555.47054,332454.2,3650909.3,18980.977,510.862,18470.115,"(5,113)","8,989 ",63.7 ,305,36.954,0,,-1729.869,-123.359,-540.494,346,-707.087,-1016,,,,"7,836 ",,-1298.342,"6,038",19.32,Alta,24.85,0.378756731,3.018551705,0.683300861,0.760460137,0.840688412,94.09909,93.57246
2010-10-01 00:00:00,3897315,3.302166667,384250,2.42,2890918.2,113.7666667,7.4,9.2,8.366666667,10.3,8.816666667,9.715365748,95205.82,74.13246443,1.7006,1.7006,18136.57077,344963.8,3792038.4,26376,-697.676,25678.324,"(6,040)","8,889 ",59.5 ,303,,,,-2059.058,-134,-646,332,-891.994,65,,,,"7,167 ",,-3970.253,"5,917",6.79,Alta,27.61666667,1.246532353,0.586222546,1.218916088,0.759816899,0.563378891,95.33279,94.66597
2011-01-01 00:00:00,3764835,3.139666667,287933.3333,-6.09,2740226.8,112.6666667,7.3,9.166666667,8.2,9.9,8.641666667,9.161289476,16096.38,78.36378653,1.6726,1.6726,15031.61046,333255.6,3930197.1,26958,-465,26493,"(5,576)","7,637 ",57.8 ,280,,,,-3266,-234,-956,356,-1570,-475,,,,"7,969 ",,-2120,"6,826",-2.88,Baixa,28.49,-0.58519853,2.158721884,0.56767122,0.324845123,0.285438848,98.05209,97.52285
2011-04-01 00:00:00,3893028,3.446666667,206243.3333,7.46,2839694.5,114.4666667,7.066666667,9.1,8.2,9.7,8.516666667,9.218517319,43110.89,73.16291708,1.5725,1.5725,20083.00256,349049.3,4058128.5,23573,-588,22985,"(5,721)","9,268 ",61.8 ,406,,,,447,-108,-648,419,-715,-268,,,,"7,747 ",,-2467,"6,452",-6.24,Baixa,26.20666667,1.545240734,1.94791773,1.066878132,0.564550736,0.366019168,100.4476,99.23015
2011-07-01 00:00:00,3927583,4.003833333,223843.3333,6.986666667,2820988.7,115.3,6.966666667,9.2,8.633333333,9.4,8.55,9.122143429,72465.67,66.17205007,1.5555,1.5555,22193.04219,373143.3,4199409,25614,-550,25064,"(6,252)","10,109 ",61.8 ,282,,,,-2502,-87,-657,387,-1172,925,,,,"8,373 ",,-3991,"4,935",-12.2,Baixa,24.13,3.063387627,1.299015582,1.624416185,1.944733597,0.59448608,100.7418,99.74995
2011-10-01 00:00:00,4014288,4.425666667,474360,-0.96,2927209.3,113.7666667,6.833333333,9.366666667,9.366666667,9,8.641666667,8.816203741,117734.16,67.77529562,1.6878,1.6878,22056.07448,378491,4306824.6,28629,-620,28009,"(6,025)","8,402 ",58.2 ,167,,,,-3121.969,-281.898,-857.43,579,-1254.543,-6129,,,,"6,023 ",,-493.469,"4,672",-5.12,Baixa,22.56666667,1.93698863,0.083001513,1.039894672,1.238693212,0.419094401,100.6591,100.0964
2012-01-01 00:00:00,3960259,4.216333333,292450,-0.243333333,2765597.2,112.5,6.8,9.533333333,10.2,8.9,8.858333333,8.345177683,18830.64,77.54300872,1.7385,1.7385,15949.17703,367215.4,4410803.2,,,,"(6,145)","11,552 ",46.8 ,246,,,,,,,299,,,,,,"3,893 ",,,"3,793",9.24,Alta,23.71666667,2.044775224,-0.548998332,0.5585972,0.944916776,0.486942935,101.5742,100.97
2012-04-01 00:00:00,4047165,3.947,247710,-8.856666667,2839876.8,113.5,6.833333333,9.7,10.73333333,8.7,8.991666667,8.280113356,50459.69,81.35855077,1.8912,1.8912,19461.6046,381795.3,4522649.4,20095,-504,19591,"(6,015)","5,878 ",49.4 ,158,,,,-2652,-91,-843,359,-1191,221,,,,"3,923 ",,-931,"2,662",-3.19,Baixa,22.30666667,1.510183869,0.044147628,0.248164802,0.42284326,0.146163211,101.8047,101.2285
2012-07-01 00:00:00,4086346,3.5505,364706.6667,3.273333333,2839445.2,113.9666667,6.8,9.666666667,11.03333333,8.6,9.025,8.113838746,85243.24,81.70527672,2.0494,2.0494,20837.12179,414617.4,4627786.4,23910,-504,23406,"(6,128)","4,597 ",42.9 ,154,,,,-3906,-255,-952,360,-1223,-5144,,,,"2,647 ",,2186,"1,669",-8.51,Baixa,19.91333333,-0.197405403,-0.649762584,-0.300870321,-0.350414883,0.184495425,101.646,101.4661
2012-10-01 00:00:00,4160201,3.835333333,626210,3.796666667,2951392.5,113.6666667,6.833333333,10.2,11.63333333,8.3,9.241666667,7.982449914,135303.34,97.21370147,2.0308,2.0308,21187.49246,422672.1,4748418.4,,,,"(6,972)","5,286 ",43.1 ,86,,,,,,,460,,,,,,"(1,181)",,,"(1,708)",18.8,Alta,22.45,1.174160645,1.984714081,0.417615328,0.629116627,0.041498292,101.6827,101.6008
2013-01-01 00:00:00,4065318,3.5655,465896.6667,-2.75,2765500.3,112.6666667,6.9,10.4,12.13333333,8.2,9.408333333,7.780928415,22633.85,96.78727366,1.9877,1.9877,15757.14819,414131.8,4861597,27704,-566,27138,"(5,720)","10,935 ",47.7 ,172,,,,-4391,-176,-1395,176,-1845,-1151,,,,"4,156 ",,-2113,"3,109",-18.58,Baixa,21.61333333,0.967870237,1.910893334,-0.105085381,-0.279646395,0.578299779,102.0843,101.894
2013-04-01 00:00:00,4177428,3.546333333,347480,2.53,2877904.1,114.0666667,6.9,10.43333333,12.36666667,8.3,9.5,7.679524711,60177.11,79.58358572,2.0011,2.0011,20550.84346,438856.8,4987525.1,,,,,,,,,,,,,,,,,,,,,,,,-14.69,Baixa,18.43333333,0.571833606,4.023087148,1.257160397,1.458097463,0.527914965,101.7978,101.3699
2013-07-01 00:00:00,4249371,3.606833333,331136.6667,-0.86,2877860.4,115.1,6.8,10.2,12.36666667,8.1,9.366666667,7.412523636,101498.21,91.74607004,2.2897,2.2897,20357.39166,458458.9,5109931.1,,,,"(6,551)","6,126 ",48.3 ,128,,,,,,,205,,,,,,"4,719 ",,,"4,344 ",17.62,Alta,19.63,1.476140602,-0.29992436,1.319903948,1.307385331,0.707749799,102.2033,101.9553
2013-10-01 00:00:00,4351081,3.5665,643813.3333,-2.186666667,2994838.5,114.8333333,6.833333333,10.16666667,12.56666667,7.8,9.341666667,7.123808882,159312.95,82.69361482,2.202,2.202,20636.72233,466166,5234348,22241,-481,21760,"(6,983)","6,423 ",47.9 ,116,,,,-3955,-96,-959,276,-2170,-1845,,,,"2,338 ",,-746,"(1,705)",6.46,Alta,21.66333333,0.917436743,-1.017903954,0.869350298,0.908398001,0.497781841,101.894,101.6581
2014-01-01 00:00:00,4203940,3.181666667,516806.6667,-3.47,2836136,114.2333333,6.8,10.2,12.9,7.3,9.3,6.725387902,26238.12,86.72129776,2.4257,2.4257,15741.66677,455935,5376007.6,,,,"(5,590)","3,913 ",41.2 ,195,,,,,,,145,,,,,,"3,365 ",,,"2,376 ",-12.4,Baixa,19.67,0.368356529,0.279553606,0.864598863,0.719907436,0.366321468,102.6815,102.0889
2014-04-01 00:00:00,4360754,3.226166667,378180,2.816666667,2932029.8,114.3333333,6.7,10.2,12.63333333,7.2,9.183333333,6.302434892,69399.7,86.71353688,2.2354,2.2354,19577.24993,468767.5,5509199.8,,,,,,,,,,,,,,,,,,,,,,,,-4.24,Baixa,18.06,2.668361775,-4.739176255,0.116733815,0.445723706,0.474373406,103.3966,102.219
2014-07-01 00:00:00,4454942,3.3055,350426.6667,0.793333333,2944132.4,113.1333333,6.7,10.23333333,12.73333333,6.8,9.116666667,6.169626761,115247.52,102.3774307,2.2668,2.2668,21921.45808,481994,5610029.4,,,,"(6,501)","2,561 ",28.3 ,35,,,,,,,194,,,,,,"(1,751)",,,"(1,428)",-7.02,Baixa,18.36666667,1.638834979,-1.873583487,1.111625575,1.049179298,0.787958043,103.4281,102.2719
2014-10-01 00:00:00,4531052,3.137333333,679250,-3.763333333,3069716.5,111.4666667,6.566666667,10.46666667,12.83333333,6.5,9.091666667,5.832745219,176713.4,128.7581031,2.4436,2.4436,18169.7879,493304.7,5716981.1,,,,"(6,892)","2,180 ",24.0 ,31,,,,,,,235,,,,,,"(2,449)",,,"(1,980)",-16.14,Baixa,15.11666667,1.113547566,-0.201721402,0.999375316,0.855882921,0.544398967,101.7798,100.9127
2015-01-01 00:00:00,4389973,3.117166667,293540,1.943333333,2924523.2,109.7333333,6.5,10.36666667,12.53333333,6.4,8.95,5.601488096,28895.36,154.0133519,2.6617,2.6617,13481.50133,472913.9,5800062.7,24707,-576,24131,"(5,168)","1,072 ",17.2 ,-271,,,,-13243,-121,-1066,119,-2629,-1637,,,,"(4,030)",,2132,"(3,170)",-16.43,Baixa,12.44333333,0.102828797,-3.217716812,0.559539556,0.58307197,0.806605142,99.82986,99.73974
2015-04-01 00:00:00,4556248,2.9095,353496.6667,-2.01,3040787.7,108.1333333,6.433333333,10.43333333,12.26666667,6.3,8.858333333,5.516108848,72374.43,171.7481559,2.993,2.993,14986.76888,486614.6,5867003.6,22832,-423,22409,"(5,186)","1,779 ",25.5 ,218,,,,,,,118,-506,328,-1614,243,1200,"1,814 ",,,"1,629 ",7.3,Alta,13.26666667,1.199963808,-7.243463281,2.439857851,0.33705244,0.546073924,100.8652,100.9546
2015-07-01 00:00:00,4605088,2.744833333,333900,-1.443333333,3053923.1,105.3333333,6.333333333,10.3,11.63333333,6.2,8.616666667,5.197844346,117947.3,164.5278465,3.3934,3.3934,18334.8766,502275.2,5927528.4,22486,-377,22109,"(5,040)","1,465 ",22.5 ,-349,,,,,,,121,-485,-7009,-8778,1769,-,"(6,739)",,,"(2,236)",-9.53,Baixa,11.39,0.780413335,-5.049540923,-0.478706734,0.610738133,0.515840751,100.3645,100.1761
2015-10-01 00:00:00,4654715,2.168166667,322143.3333,-2.78,3195840.1,102.1,6.3,10.3,11.66666667,6.1,8.591666667,5.171240326,180757.47,189.0968535,3.8582,3.8582,15762.3652,518828.9,5965791.8,21055,-425,20630,"(5,119)",780 ,28.2,-37,,,,,,,119,,7790,-1759,394,-4504,780 ,,,"(8,843)",-18.95,Baixa,9.6,-0.334843242,-5.406173089,0.678207608,0.375548257,0.312508111,98.94041,99.12951
2016-01-01 00:00:00,4496788,2.130333333,789623.3333,0.856666667,3009417.4,99.23333333,6.2,10.3,11.66666667,6.2,8.591666667,4.994859947,30849.97,220.8216801,4.0422,4.0422,11024.61749,490284,6003195.6,25627,-575,25051,"(4,249)","1,470 ",25.7 ,156,,,,-13244,-122,-1065,60,-2630,-1448,,,,"2,735 ",,2052,"1,780 ",24.48,Alta,8.14,0.913717812,-1.788301567,0.183439091,0.856509828,0.548613914,97.71513,98.02657
2016-04-01 00:00:00,4666051,2.170166667,437673.3333,0.376666667,3140225.4,99,6.133333333,10.03333333,11.7,6,8.466666667,4.977992946,77461.75,180.1667964,3.4502,3.4502,15082.23139,508058.7,6063099.9,18364,-337,18027,"(4,795)","1,831 ",27.6 ,190,,,,,,,78,-179,13678,-669,173,-9134,"2,441 ",,,"1,121 ",16.52,Alta,11.13666667,0.268783193,0.762056245,0.512531476,0.040324816,0.360721125,98.75787,99.12655
2016-07-01 00:00:00,4720618,2.447666667,404360,4.753333333,3125391.6,98.36666667,6.033333333,9.866666667,11.63333333,5.9,8.358333333,4.962502048,125791.6,180.4363673,3.2384,3.2384,15142.71573,532947.8,6133364.8,21808,-367,21441,"(4,955)","2,369 ",0.255,46,,,,,,,85,-622,-1624,-784,88,1621,"2,369 ",,,582 ,10.46,Alta,11.82,0.72451975,-4.78649834,0.686915683,0.800318029,0.397306835,99.36095,99.76089
2016-10-01 00:00:00,4811649,2.7025,912143.3333,2.133333333,3273578.8,96.63333333,6,10.06666667,11.83333333,5.8,8.425,4.844714846,193566.78,153.6280801,3.1805,3.1805,13594.4422,525162.7,6205544.1,23745,,23350,"(5,538)","4,156 ",0.228,-80,,,,,,,118,-422,25847,-1259,337,(-18523),"4,156 ",,,493 ,43.1,Alta,16.86,0.798949327,-1.910810947,1.088969905,0.448299561,0.807302175,100.3359,101.1075
2017-01-01 00:00:00,4647311,2.635,594466.6667,0.676666667,3130449.5,94.86666667,5.866666667,9.633333333,11.66666667,5.8,8.241666667,4.637158971,34188.67,109.9009437,3.1264,3.1264,14827.87577,526564.7,6301270.6,23018,,22681,-4734,3781,44.4 ,73,,,,,,,460,279,-1363,-1263,309,655,"3,912 ",,,"2,588 ",18.01,Alta,21.13666667,1.207648631,-0.12963224,0.426136109,1.125439339,0.640263844,102.2533,103.272
2017-04-01 00:00:00,4857936,2.983,503626.6667,3.056666667,3249830,95.66666667,5.733333333,9.533333333,11.26666667,5.5,8.008333333,4.397042625,85871.09,114.5396859,3.1978,3.1978,17484.57235,525238.1,6371791.2,,,22067,,5600,25,,,,,,,,232,-134,-4773,-2473,234,5586,4369,,,6328,0.95,Alta,19.29333333,0.987422853,-0.060126924,2.839770783,1.158075653,0.702446706,102.604,103.5981
2017-07-01 00:00:00,4920944,3.154666667,719796.6667,3.836666667,3265559.5,96.1,5.633333333,9.466666667,11.3,5.3,7.925,4.393095338,139259.73,147.1476653,3.1301,3.1301,17658.9001,557458.2,6453051.1,,,23203,-5412,3638,40.2,115,,,,,,,91,,-7073,-2144,120,6524,3015,,,2345,10.82,Alta,22.66,0.499030524,1.028551507,-0.326531357,0.560828365,0.791026135,102.7885,103.9151
2017-10-01 00:00:00,5050987,3.125333333,1415783.333,-2.736666667,3428901.1,95.83333333,5.533333333,9.033333333,11,5.2,7.691666667,4.194634578,213953.96,147.3589437,3.2763,3.2763,18694.32985,549304.7,6527323.1,,,23772,-5791,3376,36.8 ,36.82775172,,,,,,,275,,3414,-2329,115,-1066,6591,,,1866,26.02,Alta,24.89666667,2.230914741,3.102023849,0.986139657,1.530891907,0.813194811,104.1876,105.2043
2018-01-01 00:00:00,4923798,3.038333333,779423.3333,-0.763333333,3252949.5,95.13333333,5.366666667,9.266666667,10.93333333,5.1,7.666666667,4.123154239,38691.96,139.6461575,3.1618,3.1618,16769.72466,555644.6,6624201.4,,,30652,-5224,3379,39.3 ,-66,,,,,,,1098,,2107,-2494,606,10819,8195,,,5459,6.4,Alta,30.12,1.104949297,-0.021876335,0.935381308,0.547921499,0.540743228,105.3245,106.2788
2018-04-01 00:00:00,5135597,2.77,795320,-1.72,3371412.3,96.26666667,5.233333333,9.166666667,10.8,5,7.55,3.958213797,94790.39,161.9647789,3.4805,3.4805,19678.33625,559359.8,6731039,,,,-5377,3239,37.6,85,,,,,,,92,,,,,,2854,,,93,17.27,Alta,35.10666667,1.500291122,-0.768116895,1.129232498,1.180189787,0.599464933,107.1923,108.2909
2018-07-01 00:00:00,5187829,2.694833333,697156.6667,-2.006666667,3366590.2,96.26666667,5.133333333,8.866666667,10.26666667,5.1,7.341666667,3.809816736,152326.24,161.7339291,3.7543,3.7543,21055.28861,583054.8,6827804.4,,,,-5756,3787,39.7,32,,,,,,,87,,,,,,3271,,,1373,22.73,Alta,40.44666667,0.384058157,6.754325936,-0.75334271,-0.007464274,0.279781017,108.5654,110.5285
2018-10-01 00:00:00,5285745,2.892166667,936586.6667,3.806666667,3542320.8,95.7,5.033333333,8.8,10.5,5.2,7.383333333,3.857631415,235085.53,140.6928903,3.7171,3.7171,21671.36489,591983.9,6947006.1,,,,-5752,4061,41.4,147,,,,,,,125,,,,,,2865,,,3831,-15.51,Baixa,38.93333333,-0.002803398,-1.664352433,0.657913725,0.251788158,0.195591608,108.8477,111.2883
2019-01-01 00:00:00,5120261,2.752666667,589860,-2.506666667,3368720.6,95.16666667,5,8.7,10.33333333,5.2,7.308333333,3.907420873,42758.39,135.4124603,3.6513,3.6513,16638.09463,578452.6,7030809.9,,,,-4701,3502,42.7,106,,,,,,,71,,,,,,-1685,,,-1675,0.86,Alta,34.81666667,0.73528694,-2.092188599,0.102610234,0.867396103,0.589434972,108.0841,110.8535
2019-04-01 00:00:00,5352103,2.599,493700,-1.656666667,3486652.1,95.93333333,4.966666667,8.533333333,9.966666667,5.2,7.166666667,3.643103424,101616.12,120.3804377,3.9447,3.9447,19090.64631,592916,7108699.1,,,,-5173,4013,43.7,90,,,,,,,95,,,,,,1802,,,-142,1.94,Alta,36.61,1.142824769,5.356902014,1.851182886,0.696695643,0.556562281,109.3813,112.2829
2019-07-01 00:00:00,5397764,2.6985,446770,2.766666667,3505032.7,95.8,5,8.2,9.6,5.3,7.025,3.685652826,162467.33,91.16340165,3.7643,3.7643,19920.68376,627049.7,7217196,,,,-5681,4536,44.4,25,,,,,,,124,,,,,,3617,,,1633,-7.6,Baixa,34.72,1.01230688,3.542043008,-0.860404708,0.992060531,0.52626527,108.8588,111.9217
2019-10-01 00:00:00,5511056,2.430666667,1176673.333,-7.08,3658077.4,95.13333333,5,8.2,9.666666667,5.1,6.991666667,3.623006959,248445.77,114.1479637,4.0035,4.0035,19483.91281,641340.1,7326978.9,,,,-5632,4332,43.5,6,,,,,,,158,,,,,,-2415,,,-1996,14.22,Alta,36.84666667,-0.202426737,-5.508049638,2.135209662,-1.081232376,-0.001059269,108.9608,111.8715
2020-01-01 00:00:00,5254152,2.502333333,396203.3333,6.986666667,3361625,94.6,5,7.833333333,9,5.2,6.758333333,3.914468022,35916.59,120.3541609,4.2689,4.2689,14429.71527,617747.2,7418509.6,,,,-4278,2691,38.6,-110,,,,,,,95,,,,,,1963,,,161,-20,Baixa,34.31333333,-0.184949241,3.875860986,-1.779239446,-1.453297004,-1.614845098,108.5044,111.6409
2020-04-01 00:00:00,4930197,2.988333333,526686.6667,3.63,3093855.3,91.96666667,6.133333333,7.4,8.6,4.9,6.758333333,13.24253065,100840.12,127.0025185,5.4264,5.4264,17593.79865,555387.4,7419772,,,,-4212,3306,44,43,,,,,,,90,,,,,,2084,,,919,27.43,Alta,38.29,-6.706083626,-15.28448803,-11.25410708,-8.345874719,-10.32513337,106.2901,109.8032
2020-07-01 00:00:00,5349433,3.334666667,493513.3333,5.213333333,3418239,92.8,6.333333333,8.766666667,10,5,7.525,8.731744291,167927,100.685158,5.2027,5.2027,19416.00718,629700.9,7367126.2,,,,-4816,5946,55.2,-6,,,,,,,105,,,,,,5001,,,2807,10.06,Alta,45.31,5.349200924,11.35274091,8.92124425,7.669579234,9.438180028,107.7736,110.907
2020-10-01 00:00:00,5539370,3.8835,1180990,4.623333333,3587115,94.73333333,6.133333333,8.1,9.766666667,4.9,7.225,7.029449262,263947.04,94.05741753,5.7712,5.7712,17649.3356,661149,7387314.3,,,,-5733,9036,61.2,-46,,,,,,,153,,,,,,1795,,,644,43.38,Alta,58.62666667,3.497660997,15.47362035,2.774448783,2.704163951,0.984264308,108.8669,112.4142
2021-01-01 00:00:00,5444406,4.479333333,680040,2.7,3394071.5,95.46666667,6,8.133333333,10.16666667,4.8,7.275,6.221246048,47333.17,73.58924512,5.4753,5.4753,14947.626,653790.4,7512890.9,,,,-4298,8255,65.8,-13,,,,,,,98,,,,,,7661,,,5477,16.36,Alta,73.89666667,1.624298616,8.018537028,0.72110634,1.102373906,0.804629814,112.5742,115.9543
2021-04-01 00:00:00,5784816,4.308166667,518800,-1.483333333,3574072.8,97.06666667,5.933333333,8.1,9.8,4.8,7.158333333,5.946419661,119843.55,71.30490996,5.403,5.403,26059.43186,713652.2,7842937.4,,,,"-5,465",11049,66.9,116,,,,,,,139,,,,,,10286,,,7537,17.18,Alta,91.98333333,0.876425783,-4.302932709,0.783323561,1.090529101,1.715244724,117.312,120.3563
2021-07-01 00:00:00,5883177,4.367666667,455570,3.026666667,3671256.2,98.4,5.5,7.8,9.1,4.7,6.775,5.114754344,191283.37,59.13547993,5.121,5.121,25508.5955,742864.5,8218584.1,,,,-5836,6846,54,198,,,,,,,136,,,,,,3843,,,3958,-27.95,Baixa,80.61333333,-0.216061408,-0.189054877,-0.238117409,-0.638591373,1.201936445,120.7978,124.5727
2021-10-01 00:00:00,6203369,4.511,811530,2.19,3882941.7,98.56666667,5.266666667,7.433333333,9,4.7,6.6,4.297119177,293079.31,98.17759119,5.6424,5.6424,22602.63723,740228.6,8513043.7,,,,-6494,6611,50.4,191,,,,,,,177,,,,,,3557,,,5496,3.06,Alta,66.99,0.027054423,0.075582872,1.169759872,0.199989283,1.322759328,125.2907,131.0163
2022-01-01 00:00:00,6010733,4.139166667,399946.6667,-7.803333333,3726784.9,98.36666667,5.066666667,7.333333333,8.5,4.7,6.4,3.922415688,51709.5,,5.3568,5.3568,19790.79715,703751.9,8729457.7,,,10812,-4622,6190,57.3,26,,,,,,,121,,,,,,6600,,,4480,25.43,Alta,83.13666667,0.740921802,-3.044224693,0.455633372,1.011164783,0.254288474,132.6719,141.7526
2022-04-01 00:00:00,6352982,3.502166667,470883.3333,-2.746666667,3906088,98.8,5.1,7.566666667,8.066666667,4.8,6.383333333,3.635696395,128979.79,,4.9185,4.9185,28978.94866,814833.6,8963941.7,,,,"-5,950","5,207",46.7,61,,,,,,,151,,,,,,4291,,,6203,-20.56,Baixa,77.98,-1.304826292,4.838151291,-0.314119211,-0.736594894,0.4,142.1871,154.2455
